t_s,ws_bytes,peak_ws_bytes,private_bytes
0.2,14053376,14057472,3256320
1.4,31682560,31686656,15155200
2.4,46411776,46415872,30437376
3.5,53583872,53587968,38092800
4.6,67547136,67551232,52420608
5.6,76337152,76341248,61784064
6.6,83234816,83238912,69033984
7.7,108240896,108244992,94666752
8.7,114372608,114376704,101138432
9.8,123158528,123162624,110493696
10.8,131379200,131383296,119250944
11.8,139612160,139616256,128065536
12.9,147349504,147353600,136253440
13.9,153419776,153423872,142749696
15.0,192069632,192073728,181755904
16.1,194854912,194859008,184721408
17.5,200785920,200790016,191037440
18.6,204615680,204619776,195092480
19.8,209707008,209711104,200548352
20.9,215220224,215224320,206422016
22.0,217239552,217243648,208605184
23.1,221487104,221491200,213049344
24.2,226508800,226512896,218431488
25.3,231464960,231469056,223735808
26.3,236969984,236974080,229580800
27.6,241565696,241569792,234455040
28.9,244920320,244924416,238047232
30.2,248958976,248963072,242335744
31.5,253902848,253906944,247562240
32.6,257318912,257323008,251228160
34.0,259072000,259076096,253104128
35.1,265273344,265277440,259731456
36.3,270569472,270573568,265347072
37.5,274120704,274124800,269086720
38.6,277893120,277897216,273145856
39.7,283672576,283676672,279228416
40.7,289669120,289673216,285622272
41.8,329154560,329158656,356773888
42.9,360411136,360415232,356773888
44.0,360828928,360833024,357240832
45.1,365285376,365289472,361975808
46.3,369045504,369049600,365948928
47.5,373649408,373653504,370937856
48.6,378318848,378322944,375853056
49.8,383401984,383406080,381231104
51.1,391352320,391356416,389734400
52.1,398458880,398462976,397299712
53.2,405712896,405716992,405024768
54.2,412540928,412545024,412274688
55.3,419446784,419450880,419610624
56.4,424185856,424189952,424677376
57.4,429895680,429899776,430682112
58.5,436318208,436322304,437547008
59.5,442032128,442036224,443629568
60.6,449425408,449429504,451403776
61.6,457240576,457244672,459751424
62.7,465596416,465600512,468692992
63.7,472502272,472506368,476028928
64.8,480718848,480722944,484761600
65.8,488321024,488325120,492875776
66.9,496820224,496824320,501919744
67.9,505139200,505143296,510812160
69.0,513486848,513490944,519704576
70.1,522821632,522825728,529608704
71.1,531890176,531894272,539283456
72.2,541294592,541298688,549183488
73.2,550920192,550924288,559480832
74.2,559779840,559783936,568922112
75.3,697061376,697065472,706686976
76.3,697061376,697065472,706686976
77.4,697061376,697065472,706686976
78.4,701235200,701239296,711053312
79.5,709677056,709681152,720101376
80.5,715735040,715739136,726495232
81.5,723955712,723959808,735227904
82.6,732667904,732672000,744509440
83.6,740687872,740691968,753094656
84.7,748838912,748843008,761749504
85.7,755314688,755318784,768610304
86.8,763752448,763756544,777580544
87.8,772468736,772472832,786866176
88.9,781459456,781463552,796454912
89.9,789618688,789622784,805113856
90.9,797908992,797913088,813928448
92.0,806490112,806494208,823054336
93.0,814850048,814854144,831942656
94.1,821891072,821895168,839434240
95.1,828436480,828440576,846372864
96.1,837292032,837296128,855810048
97.2,847253504,847257600,866414592
98.2,858128384,858132480,877957120
99.2,868933632,868937728,889503744
100.3,881410048,881414144,902762496
101.3,895000576,895004672,917188608
102.3,905527296,905531392,928419840
103.4,916267008,916271104,939810816
104.4,926728192,926732288,950964224
105.4,935849984,935854080,960634880
106.4,945401856,945405952,970854400
107.5,955293696,955297792,981303296
108.5,964702208,964706304,991363072
109.5,973139968,973144064,1000337408
110.6,981848064,981852160,1009614848
111.6,990629888,990633984,1018978304
112.6,999686144,999690240,1028567040
113.7,1011888128,1011892224,1041592320
114.7,1024368640,1024372736,1054855168
115.7,1036361728,1036365824,1067646976
116.7,1051140096,1051144192,1083322368
117.8,1065762816,1065766912,1098842112
118.8,1081307136,1081311232,1115377664
119.8,1097125888,1097129984,1132224512
120.8,1370447872,1370451968,1406414848
121.9,1370447872,1370451968,1406414848
122.9,1370447872,1370451968,1406414848
123.9,1370447872,1370451968,1406414848
124.9,1382854656,1382858752,1419599872
126.0,1394626560,1394630656,1432076288
127.0,1404604416,1404608512,1442762752
128.0,1415692288,1415696384,1454542848
129.0,1427816448,1427820544,1467408384
130.1,1440845824,1440849920,1481293824
131.1,1448308736,1448312832,1489252352
132.1,1448448000,1448452096,1489408000
133.1,1448517632,1448521728,1489485824
134.2,1448652800,1448685568,1489584128
135.2,1448722432,1448726528,1489661952
136.2,1448792064,1448796160,1489739776
137.3,1448857600,1448861696,1489739776
138.3,1449000960,1449005056,1489895424
139.3,1449070592,1449074688,1489973248
140.3,1449140224,1449144320,1490051072
141.4,1449140224,1449144320,1490051072
142.4,1449209856,1449213952,1490128896
143.4,1449279488,1449283584,1490206720
144.5,1449349120,1449353216,1490284544
145.5,1449488384,1449492480,1490440192
146.5,1449558016,1449562112,1490518016
147.6,1449627648,1449631744,1490595840
148.6,1449697280,1449701376,1490673664
149.7,1449836544,1449840640,1490829312
150.7,1449906176,1449910272,1490907136
151.7,1449975808,1449979904,1490984960
152.7,1449975808,1449979904,1490984960
153.8,1449975808,1449979904,1490984960
154.8,1449975808,1449979904,1490984960
155.8,1449975808,1449979904,1490984960
156.9,1449975808,1449979904,1490984960
157.9,1449975808,1449979904,1490984960
158.9,1449975808,1449979904,1490984960
160.0,1449975808,1449979904,1490984960
161.0,1449975808,1449979904,1490984960
162.0,1449975808,1449979904,1490984960
163.1,1449975808,1449979904,1490984960
164.1,1449975808,1449979904,1490984960
165.2,1449975808,1449979904,1490984960
166.3,1449975808,1449979904,1490984960
167.3,1449975808,1449979904,1490984960
168.4,1449975808,1449979904,1490984960
169.5,1449975808,1449979904,1490984960
170.8,1449975808,1449979904,1490984960
172.0,1449975808,1449979904,1490984960
173.2,1449975808,1449979904,1490984960
174.3,1449975808,1449979904,1490984960
215.0,1449975808,1449979904,1490984960
216.1,1449975808,1449979904,1490984960
217.1,1449975808,1449979904,1490984960
218.1,1449975808,1449979904,1490984960
219.1,1449975808,1449979904,1490984960
220.2,1449975808,1449979904,1490984960
221.2,1449975808,1449979904,1490984960
222.2,1449975808,1449979904,1490984960
223.2,1449975808,1449979904,1490984960
224.2,1449975808,1449979904,1490984960
225.2,1449975808,1449979904,1490984960
226.2,1449975808,1449979904,1490984960
227.3,1449975808,1449979904,1490984960
228.3,1449975808,1449979904,1490984960
229.3,1449975808,1449979904,1490984960
230.3,1449975808,1449979904,1490984960
231.3,1449975808,1449979904,1490984960
232.3,1449975808,1449979904,1490984960
233.3,1449975808,1449979904,1490984960
234.4,1449975808,1449979904,1490984960
235.4,1449975808,1449979904,1490984960
236.4,1449975808,1449979904,1490984960
237.4,1449975808,1449979904,1490984960
238.4,1449975808,1449979904,1490984960
239.4,1449975808,1449979904,1490984960
240.5,1449975808,1449979904,1490984960
241.5,1449975808,1449979904,1490984960
242.5,1449975808,1449979904,1490984960
243.6,1449975808,1449979904,1490984960
244.6,1449975808,1449979904,1490984960
245.6,1449975808,1449979904,1490984960
246.6,1449975808,1449979904,1490984960
247.6,1449975808,1449979904,1490984960
248.6,1449975808,1449979904,1490984960
249.6,1449975808,1449979904,1490984960
250.6,1449975808,1449979904,1490984960
251.7,1449975808,1449979904,1490984960
252.7,1449975808,1449979904,1490984960
253.7,1449975808,1449979904,1490984960
254.7,1449975808,1449979904,1490984960
255.7,1449975808,1449979904,1490984960
256.7,1449975808,1449979904,1490984960
257.8,1449975808,1449979904,1490984960
258.8,1449975808,1449979904,1490984960
259.8,1449975808,1449979904,1490984960
260.8,1449975808,1449979904,1490984960
261.8,1449975808,1449979904,1490984960
262.8,1449975808,1449979904,1490984960
263.8,1449975808,1449979904,1490984960
264.9,1449975808,1449979904,1490984960
265.9,1449975808,1449979904,1490984960
266.9,1449975808,1449979904,1490984960
267.9,1449975808,1449979904,1490984960
268.9,1449975808,1449979904,1490984960
269.9,1449975808,1449979904,1490984960
270.9,1449975808,1449979904,1490984960
272.0,1449975808,1449979904,1490984960
273.0,1449975808,1449979904,1490984960
274.0,1449975808,1449979904,1490984960
275.0,1449975808,1449979904,1490984960
276.0,1449975808,1449979904,1490984960
277.0,1449975808,1449979904,1490984960
278.0,1449975808,1449979904,1490984960
279.0,1449975808,1449979904,1490984960
280.1,1449975808,1449979904,1490984960
281.1,1449975808,1449979904,1490984960
282.1,1449975808,1449979904,1490984960
283.1,1449975808,1449979904,1490984960
284.1,1449975808,1449979904,1490984960
285.1,1449975808,1449979904,1490984960
286.2,1449975808,1449979904,1490984960
287.2,1449975808,1449979904,1490984960
288.2,1449975808,1449979904,1490984960
289.2,1449975808,1449979904,1490984960
290.3,1449975808,1449979904,1490984960
291.3,1449975808,1449979904,1490984960
292.4,1449975808,1449979904,1490984960
293.4,1449975808,1449979904,1490984960
294.4,1449975808,1449979904,1490984960
295.5,1449975808,1449979904,1490984960
296.5,1449975808,1449979904,1490984960
297.5,1449975808,1449979904,1490984960
298.6,1449975808,1449979904,1490984960
299.6,1449975808,1449979904,1490984960
300.6,1450086400,1450090496,1491046400
301.7,1450086400,1450090496,1491046400
302.7,1450086400,1450090496,1491046400
303.7,1450086400,1450090496,1491046400
304.8,1450086400,1450090496,1491046400
305.8,1450086400,1450090496,1491046400
306.8,1450086400,1450090496,1491046400
307.8,1450086400,1450090496,1491046400
308.9,1450086400,1450090496,1491046400
309.9,1450086400,1450090496,1491046400
310.9,1450086400,1450090496,1491046400
312.0,1450086400,1450090496,1491046400
313.0,1450086400,1450090496,1491046400
314.0,1450086400,1450090496,1491046400
315.1,1450086400,1450090496,1491046400
316.1,1450086400,1450090496,1491046400
317.1,1450086400,1450090496,1491046400
318.2,1450086400,1450090496,1491046400
319.2,1450086400,1450090496,1491046400
320.2,1450086400,1450090496,1491046400
321.3,1450086400,1450090496,1491046400
322.3,1450086400,1450090496,1491046400
323.3,1450086400,1450090496,1491046400
324.3,1450086400,1450090496,1491046400
325.4,1450086400,1450090496,1491046400
326.4,1450086400,1450090496,1491046400
327.4,1450086400,1450090496,1491046400
328.4,1450086400,1450090496,1491046400
329.4,1450086400,1450090496,1491046400
330.4,1450086400,1450090496,1491046400
331.5,1450086400,1450090496,1491046400
332.5,1450086400,1450090496,1491046400
333.5,1450086400,1450090496,1491046400
334.5,1450086400,1450090496,1491046400
335.5,1450086400,1450090496,1491046400
336.6,1450086400,1450090496,1491046400
337.6,1450086400,1450090496,1491046400
338.6,1450086400,1450090496,1491046400
339.7,1450086400,1450090496,1491046400
340.7,1450086400,1450090496,1491046400
341.7,1450086400,1450090496,1491046400
342.8,1450086400,1450090496,1491046400
343.8,1450086400,1450090496,1491046400
344.8,1450086400,1450090496,1491046400
345.9,1450086400,1450090496,1491046400
346.9,1450086400,1450090496,1491046400
347.9,1450086400,1450090496,1491046400
349.0,1450086400,1450090496,1491046400
350.0,1450086400,1450090496,1491046400
351.0,1450086400,1450090496,1491046400
352.1,1450086400,1450090496,1491046400
353.1,1450086400,1450090496,1491046400
354.1,1450086400,1450090496,1491046400
355.1,1450086400,1450090496,1491046400
356.2,1450086400,1450090496,1491046400
357.2,1450086400,1450090496,1491046400
358.3,1450086400,1450090496,1491046400
359.3,1450086400,1450090496,1491046400
360.7,1450086400,1450090496,1491046400
361.8,1450086400,1450090496,1491046400
362.9,1450086400,1450090496,1491046400
363.9,1450086400,1450090496,1491046400
365.0,1450086400,1450090496,1491046400
366.0,1450086400,1450090496,1491046400
367.1,1450086400,1450090496,1491046400
368.1,1450086400,1450090496,1491046400
369.1,1450086400,1450090496,1491046400
370.2,1450086400,1450090496,1491046400
371.2,1450086400,1450090496,1491046400
372.2,1450086400,1450090496,1491046400
373.2,1450086400,1450090496,1491046400
374.3,1450086400,1450090496,1491046400
375.3,1450086400,1450090496,1491046400
376.3,1450086400,1450090496,1491046400
377.3,1450086400,1450090496,1491046400
378.4,1450086400,1450090496,1491046400
379.4,1450086400,1450090496,1491046400
380.4,1450086400,1450090496,1491046400
381.5,1450086400,1450090496,1491046400
382.5,1450086400,1450090496,1491046400
383.5,1450086400,1450090496,1491046400
384.6,1450086400,1450090496,1491046400
385.6,1450086400,1450090496,1491046400
386.6,1450086400,1450090496,1491046400
387.7,1450086400,1450090496,1491046400
388.7,1450086400,1450090496,1491046400
389.8,1450086400,1450090496,1491046400
390.8,1450086400,1450090496,1491046400
391.8,1450086400,1450090496,1491046400
392.9,1450086400,1450090496,1491046400
393.9,1450086400,1450090496,1491046400
395.0,1450086400,1450090496,1491046400
396.0,1450086400,1450090496,1491046400
397.1,1450086400,1450090496,1491046400
398.1,1450086400,1450090496,1491046400
399.2,1450086400,1450090496,1491046400
400.2,1450086400,1450090496,1491046400
401.2,1450086400,1450090496,1491046400
402.3,1450057728,1450094592,1490984960
403.3,1450057728,1450094592,1490984960
404.4,1450057728,1450094592,1490984960
405.4,1450057728,1450094592,1490984960
406.4,1450057728,1450094592,1490984960
407.5,1450057728,1450094592,1490984960
408.5,1450057728,1450094592,1490984960
409.5,1450057728,1450094592,1490984960
410.6,1450057728,1450094592,1490984960
411.6,1450057728,1450094592,1490984960
412.6,1450057728,1450094592,1490984960
413.6,1450057728,1450094592,1490984960
414.7,1450057728,1450094592,1490984960
415.7,1450057728,1450094592,1490984960
416.7,1450057728,1450094592,1490984960
417.8,1450057728,1450094592,1490984960
418.8,1450057728,1450094592,1490984960
419.8,1450057728,1450094592,1490984960
420.8,1450057728,1450094592,1490984960
421.9,1450057728,1450094592,1490984960
422.9,1450057728,1450094592,1490984960
423.9,1450057728,1450094592,1490984960
424.9,1450057728,1450094592,1490984960
426.0,1450057728,1450094592,1490984960
427.0,1450057728,1450094592,1490984960
428.0,1450057728,1450094592,1490984960
429.1,1450057728,1450094592,1490984960
430.1,1450057728,1450094592,1490984960
431.2,1450057728,1450094592,1490984960
432.2,1450057728,1450094592,1490984960
433.2,1450057728,1450094592,1490984960
434.3,1450057728,1450094592,1490984960
435.3,1450057728,1450094592,1490984960
436.3,1450057728,1450094592,1490984960
437.4,1450057728,1450094592,1490984960
438.4,1450057728,1450094592,1490984960
439.4,1450057728,1450094592,1490984960
440.4,1450057728,1450094592,1490984960
441.5,1450057728,1450094592,1490984960
442.5,1450057728,1450094592,1490984960
443.5,1450057728,1450094592,1490984960
444.5,1450057728,1450094592,1490984960
445.6,1450057728,1450094592,1490984960
446.6,1450057728,1450094592,1490984960
447.6,1450057728,1450094592,1490984960
448.6,1450057728,1450094592,1490984960
449.6,1450057728,1450094592,1490984960
450.7,1450057728,1450094592,1490984960
451.7,1450057728,1450094592,1490984960
452.7,1450057728,1450094592,1490984960
453.7,1450057728,1450094592,1490984960
454.7,1450057728,1450094592,1490984960
455.7,1450057728,1450094592,1490984960
456.7,1450057728,1450094592,1490984960
457.8,1450057728,1450094592,1490984960
458.8,1450057728,1450094592,1490984960
459.8,1450057728,1450094592,1490984960
460.8,1450057728,1450094592,1490984960
461.8,1450057728,1450094592,1490984960
462.8,1450057728,1450094592,1490984960
463.9,1450057728,1450094592,1490984960
464.9,1450057728,1450094592,1490984960
465.9,1450057728,1450094592,1490984960
466.9,1450057728,1450094592,1490984960
467.9,1450057728,1450094592,1490984960
468.9,1450057728,1450094592,1490984960
469.9,1450057728,1450094592,1490984960
471.0,1450057728,1450094592,1490984960
472.0,1450057728,1450094592,1490984960
473.0,1450057728,1450094592,1490984960
474.0,1450057728,1450094592,1490984960
475.0,1450057728,1450094592,1490984960
476.0,1450057728,1450094592,1490984960
477.0,1450057728,1450094592,1490984960
478.1,1450057728,1450094592,1490984960
479.1,1450057728,1450094592,1490984960
480.1,1450057728,1450094592,1490984960
481.1,1450057728,1450094592,1490984960
482.1,1450057728,1450094592,1490984960
483.1,1450057728,1450094592,1490984960
484.1,1450057728,1450094592,1490984960
485.1,1450057728,1450094592,1490984960
486.2,1450057728,1450094592,1490984960
487.2,1450057728,1450094592,1490984960
488.2,1450057728,1450094592,1490984960
489.2,1450057728,1450094592,1490984960
490.2,1450057728,1450094592,1490984960
491.2,1450057728,1450094592,1490984960
492.2,1450057728,1450094592,1490984960
493.3,1450057728,1450094592,1490984960
494.3,1450057728,1450094592,1490984960
495.3,1450057728,1450094592,1490984960
496.3,1450057728,1450094592,1490984960
497.4,1450057728,1450094592,1490984960
498.4,1450057728,1450094592,1490984960
499.4,1450057728,1450094592,1490984960
500.4,1450057728,1450094592,1490984960
501.4,1450057728,1450094592,1490984960
502.5,1450057728,1450094592,1490984960
503.5,1450057728,1450094592,1490984960
504.5,1450057728,1450094592,1490984960
505.5,1450057728,1450094592,1490984960
506.5,1450057728,1450094592,1490984960
507.5,1450057728,1450094592,1490984960
508.6,1450057728,1450094592,1490984960
509.6,1450057728,1450094592,1490984960
510.6,1450057728,1450094592,1490984960
511.6,1450057728,1450094592,1490984960
512.6,1450057728,1450094592,1490984960
513.6,1450057728,1450094592,1490984960
514.6,1450057728,1450094592,1490984960
515.7,1450057728,1450094592,1490984960
516.7,1450057728,1450094592,1490984960
517.7,1450057728,1450094592,1490984960
518.7,1450057728,1450094592,1490984960
519.7,1450057728,1450094592,1490984960
520.7,1450057728,1450094592,1490984960
521.7,1450057728,1450094592,1490984960
522.8,1450057728,1450094592,1490984960
523.8,1450057728,1450094592,1490984960
524.8,1450057728,1450094592,1490984960
525.8,1450057728,1450094592,1490984960
526.8,1450057728,1450094592,1490984960
527.9,1450057728,1450094592,1490984960
528.9,1450057728,1450094592,1490984960
529.9,1450057728,1450094592,1490984960
530.9,1450057728,1450094592,1490984960
531.9,1450057728,1450094592,1490984960
532.9,1450057728,1450094592,1490984960
533.9,1450057728,1450094592,1490984960
534.9,1450057728,1450094592,1490984960
536.0,1450057728,1450094592,1490984960
537.0,1450057728,1450094592,1490984960
538.0,1450057728,1450094592,1490984960
539.0,1450057728,1450094592,1490984960
540.0,1450057728,1450094592,1490984960
541.1,1450057728,1450094592,1490984960
542.1,1450057728,1450094592,1490984960
543.1,1450057728,1450094592,1490984960
544.1,1450057728,1450094592,1490984960
545.1,1450057728,1450094592,1490984960
546.1,1450057728,1450094592,1490984960
547.2,1450057728,1450094592,1490984960
548.2,1450057728,1450094592,1490984960
549.2,1450057728,1450094592,1490984960
550.2,1450057728,1450094592,1490984960
551.2,1450057728,1450094592,1490984960
552.3,1450057728,1450094592,1490984960
553.3,1450057728,1450094592,1490984960
554.3,1450057728,1450094592,1490984960
555.3,1450057728,1450094592,1490984960
556.3,1450057728,1450094592,1490984960
557.3,1450057728,1450094592,1490984960
558.4,1450057728,1450094592,1490984960
559.4,1450057728,1450094592,1490984960
560.4,1450057728,1450094592,1490984960
561.4,1450057728,1450094592,1490984960
562.4,1450057728,1450094592,1490984960
563.5,1450057728,1450094592,1490984960
564.5,1450057728,1450094592,1490984960
565.5,1450057728,1450094592,1490984960
566.5,1450057728,1450094592,1490984960
567.5,1450057728,1450094592,1490984960
568.5,1450057728,1450094592,1490984960
569.6,1450057728,1450094592,1490984960
570.6,1450057728,1450094592,1490984960
571.6,1450057728,1450094592,1490984960
572.6,1450057728,1450094592,1490984960
573.6,1450057728,1450094592,1490984960
574.6,1450057728,1450094592,1490984960
575.7,1450057728,1450094592,1490984960
576.7,1450057728,1450094592,1490984960
577.7,1450057728,1450094592,1490984960
578.7,1450057728,1450094592,1490984960
579.7,1450057728,1450094592,1490984960
580.7,1450057728,1450094592,1490984960
581.7,1450057728,1450094592,1490984960
582.8,1450057728,1450094592,1490984960
583.8,1450057728,1450094592,1490984960
584.8,1450057728,1450094592,1490984960
585.8,1450057728,1450094592,1490984960
586.8,1450057728,1450094592,1490984960
587.8,1450057728,1450094592,1490984960
588.8,1450057728,1450094592,1490984960
589.8,1450057728,1450094592,1490984960
590.9,1450057728,1450094592,1490984960
591.9,1450057728,1450094592,1490984960
592.9,1450057728,1450094592,1490984960
593.9,1450057728,1450094592,1490984960
594.9,1450057728,1450094592,1490984960
595.9,1450057728,1450094592,1490984960
596.9,1450057728,1450094592,1490984960
598.0,1450057728,1450094592,1490984960
599.0,1450057728,1450094592,1490984960
600.0,1450057728,1450094592,1490984960
601.0,1450102784,1450106880,1491046400
602.0,1450102784,1450106880,1491046400
603.1,1450102784,1450106880,1491046400
604.1,1450102784,1450106880,1491046400
605.1,1450102784,1450106880,1491046400
606.1,1450102784,1450106880,1491046400
607.1,1450102784,1450106880,1491046400
608.2,1450102784,1450106880,1491046400
609.2,1450102784,1450106880,1491046400
610.2,1450102784,1450106880,1491046400
611.2,1450102784,1450106880,1491046400
612.2,1450102784,1450106880,1491046400
613.2,1450102784,1450106880,1491046400
614.2,1450102784,1450106880,1491046400
615.3,1450102784,1450106880,1491046400
616.3,1450102784,1450106880,1491046400
617.3,1450102784,1450106880,1491046400
618.3,1450102784,1450106880,1491046400
619.3,1450102784,1450106880,1491046400
620.3,1450102784,1450106880,1491046400
621.3,1450102784,1450106880,1491046400
622.4,1450102784,1450106880,1491046400
623.4,1450102784,1450106880,1491046400
624.4,1450102784,1450106880,1491046400
625.4,1450102784,1450106880,1491046400
626.4,1450102784,1450106880,1491046400
627.4,1450102784,1450106880,1491046400
628.5,1450102784,1450106880,1491046400
629.5,1450102784,1450106880,1491046400
630.5,1450102784,1450106880,1491046400
631.5,1450102784,1450106880,1491046400
632.5,1450102784,1450106880,1491046400
633.5,1450102784,1450106880,1491046400
634.5,1450102784,1450106880,1491046400
635.6,1450102784,1450106880,1491046400
636.6,1450102784,1450106880,1491046400
637.6,1450102784,1450106880,1491046400
638.6,1450102784,1450106880,1491046400
639.6,1450102784,1450106880,1491046400
640.6,1450102784,1450106880,1491046400
641.6,1450102784,1450106880,1491046400
642.6,1450102784,1450106880,1491046400
643.7,1450102784,1450106880,1491046400
644.7,1450102784,1450106880,1491046400
645.7,1450102784,1450106880,1491046400
646.7,1450102784,1450106880,1491046400
647.7,1450102784,1450106880,1491046400
648.7,1450102784,1450106880,1491046400
649.7,1450102784,1450106880,1491046400
650.8,1450102784,1450106880,1491046400
651.8,1450102784,1450106880,1491046400
652.8,1450102784,1450106880,1491046400
653.8,1450102784,1450106880,1491046400
654.8,1450102784,1450106880,1491046400
655.8,1450102784,1450106880,1491046400
656.8,1450102784,1450106880,1491046400
657.8,1450102784,1450106880,1491046400
658.9,1450102784,1450106880,1491046400
659.9,1450102784,1450106880,1491046400
660.9,1450102784,1450106880,1491046400
661.9,1450102784,1450106880,1491046400
662.9,1450102784,1450106880,1491046400
663.9,1450102784,1450106880,1491046400
664.9,1450102784,1450106880,1491046400
666.0,1450102784,1450106880,1491046400
667.0,1450102784,1450106880,1491046400
668.0,1450102784,1450106880,1491046400
669.0,1450102784,1450106880,1491046400
670.0,1450102784,1450106880,1491046400
671.0,1450070016,1450106880,1490984960
672.0,1450070016,1450106880,1490984960
673.1,1450070016,1450106880,1490984960
674.1,1450070016,1450106880,1490984960
675.1,1450070016,1450106880,1490984960
676.1,1450070016,1450106880,1490984960
677.1,1450070016,1450106880,1490984960
678.1,1450070016,1450106880,1490984960
679.1,1450070016,1450106880,1490984960
680.2,1450070016,1450106880,1490984960
681.2,1450070016,1450106880,1490984960
682.2,1450070016,1450106880,1490984960
683.2,1450070016,1450106880,1490984960
684.2,1450070016,1450106880,1490984960
685.2,1450070016,1450106880,1490984960
686.2,1450070016,1450106880,1490984960
687.3,1450070016,1450106880,1490984960
688.3,1450070016,1450106880,1490984960
689.3,1450070016,1450106880,1490984960
690.3,1450070016,1450106880,1490984960
691.3,1450070016,1450106880,1490984960
692.4,1450070016,1450106880,1490984960
693.4,1450070016,1450106880,1490984960
694.4,1450070016,1450106880,1490984960
695.4,1450070016,1450106880,1490984960
696.5,1450070016,1450106880,1490984960
697.5,1450070016,1450106880,1490984960
698.5,1450070016,1450106880,1490984960
699.6,1450070016,1450106880,1490984960
700.6,1450070016,1450106880,1490984960
701.6,1450070016,1450106880,1490984960
702.6,1450070016,1450106880,1490984960
703.7,1450070016,1450106880,1490984960
704.7,1450070016,1450106880,1490984960
705.7,1450070016,1450106880,1490984960
706.7,1450070016,1450106880,1490984960
707.7,1450070016,1450106880,1490984960
708.7,1450070016,1450106880,1490984960
709.7,1450070016,1450106880,1490984960
710.8,1450070016,1450106880,1490984960
711.8,1450070016,1450106880,1490984960
712.8,1450070016,1450106880,1490984960
713.8,1450070016,1450106880,1490984960
714.8,1450070016,1450106880,1490984960
715.9,1450070016,1450106880,1490984960
716.9,1450070016,1450106880,1490984960
717.9,1450070016,1450106880,1490984960
718.9,1450070016,1450106880,1490984960
720.0,1449979904,1450106880,1490984960
721.0,1449979904,1450106880,1490984960
722.0,1449979904,1450106880,1490984960
723.0,1449979904,1450106880,1490984960
724.1,1449979904,1450106880,1490984960
725.1,1449979904,1450106880,1490984960
726.1,1449979904,1450106880,1490984960
727.1,1449979904,1450106880,1490984960
728.2,1449979904,1450106880,1490984960
729.2,1449979904,1450106880,1490984960
730.2,1449979904,1450106880,1490984960
731.2,1449979904,1450106880,1490984960
732.2,1449979904,1450106880,1490984960
733.3,1449979904,1450106880,1490984960
734.3,1449979904,1450106880,1490984960
735.3,1449979904,1450106880,1490984960
736.3,1449979904,1450106880,1490984960
737.3,1449979904,1450106880,1490984960
738.3,1449979904,1450106880,1490984960
739.4,1449979904,1450106880,1490984960
740.4,1449979904,1450106880,1490984960
741.4,1449979904,1450106880,1490984960
742.4,1449979904,1450106880,1490984960
743.4,1449979904,1450106880,1490984960
744.4,1449979904,1450106880,1490984960
745.4,1449979904,1450106880,1490984960
746.4,1449979904,1450106880,1490984960
747.5,1449979904,1450106880,1490984960
748.5,1449979904,1450106880,1490984960
749.5,1449984000,1450106880,1490984960
750.5,1449984000,1450106880,1490984960
751.5,1449984000,1450106880,1490984960
752.5,1449984000,1450106880,1490984960
753.6,1449984000,1450106880,1490984960
754.6,1449984000,1450106880,1490984960
755.6,1449984000,1450106880,1490984960
756.6,1449984000,1450106880,1490984960
757.6,1449984000,1450106880,1490984960
758.7,1449984000,1450106880,1490984960
759.7,1449984000,1450106880,1490984960
760.7,1449984000,1450106880,1490984960
761.7,1449984000,1450106880,1490984960
762.8,1449984000,1450106880,1490984960
763.8,1449984000,1450106880,1490984960
764.8,1449984000,1450106880,1490984960
765.8,1449984000,1450106880,1490984960
766.8,1449984000,1450106880,1490984960
767.8,1449984000,1450106880,1490984960
768.8,1449984000,1450106880,1490984960
769.9,1449984000,1450106880,1490984960
770.9,1449984000,1450106880,1490984960
771.9,1449984000,1450106880,1490984960
772.9,1449984000,1450106880,1490984960
773.9,1449984000,1450106880,1490984960
774.9,1449984000,1450106880,1490984960
776.0,1449984000,1450106880,1490984960
777.0,1449984000,1450106880,1490984960
778.0,1449984000,1450106880,1490984960
779.0,1449984000,1450106880,1490984960
780.0,1449984000,1450106880,1490984960
781.0,1449984000,1450106880,1490984960
782.0,1449984000,1450106880,1490984960
783.1,1449984000,1450106880,1490984960
784.1,1449984000,1450106880,1490984960
785.1,1449984000,1450106880,1490984960
786.1,1449984000,1450106880,1490984960
787.1,1449984000,1450106880,1490984960
788.1,1449984000,1450106880,1490984960
789.1,1449984000,1450106880,1490984960
790.2,1449984000,1450106880,1490984960
791.2,1449984000,1450106880,1490984960
792.2,1449984000,1450106880,1490984960
793.2,1449984000,1450106880,1490984960
794.2,1449984000,1450106880,1490984960
795.2,1449984000,1450106880,1490984960
796.3,1449984000,1450106880,1490984960
797.3,1449984000,1450106880,1490984960
798.3,1449984000,1450106880,1490984960
799.3,1449984000,1450106880,1490984960
800.3,1449984000,1450106880,1490984960
801.3,1449984000,1450106880,1490984960
802.4,1449984000,1450106880,1490984960
803.4,1449984000,1450106880,1490984960
804.4,1449984000,1450106880,1490984960
805.4,1449984000,1450106880,1490984960
806.4,1449984000,1450106880,1490984960
807.4,1449984000,1450106880,1490984960
808.4,1449984000,1450106880,1490984960
809.4,1449984000,1450106880,1490984960
810.5,1449984000,1450106880,1490984960
811.5,1449984000,1450106880,1490984960
812.5,1449984000,1450106880,1490984960
813.5,1449984000,1450106880,1490984960
814.5,1449984000,1450106880,1490984960
815.5,1449984000,1450106880,1490984960
816.6,1449984000,1450106880,1490984960
817.6,1449984000,1450106880,1490984960
818.6,1449984000,1450106880,1490984960
819.6,1449984000,1450106880,1490984960
820.6,1449984000,1450106880,1490984960
821.6,1449984000,1450106880,1490984960
822.6,1449984000,1450106880,1490984960
823.7,1449984000,1450106880,1490984960
824.7,1449984000,1450106880,1490984960
825.7,1449984000,1450106880,1490984960
826.7,1449984000,1450106880,1490984960
827.7,1449984000,1450106880,1490984960
828.8,1449984000,1450106880,1490984960
829.8,1449984000,1450106880,1490984960
830.8,1449984000,1450106880,1490984960
831.9,1449984000,1450106880,1490984960
832.9,1449984000,1450106880,1490984960
833.9,1449984000,1450106880,1490984960
835.0,1449984000,1450106880,1490984960
836.0,1449984000,1450106880,1490984960
837.0,1449984000,1450106880,1490984960
838.1,1449984000,1450106880,1490984960
839.1,1449984000,1450106880,1490984960
840.1,1449984000,1450106880,1490984960
841.2,1449984000,1450106880,1490984960
842.2,1449984000,1450106880,1490984960
843.2,1449984000,1450106880,1490984960
844.2,1449984000,1450106880,1490984960
845.3,1449984000,1450106880,1490984960
846.3,1449984000,1450106880,1490984960
847.3,1449984000,1450106880,1490984960
848.3,1449984000,1450106880,1490984960
849.3,1449984000,1450106880,1490984960
850.4,1449984000,1450106880,1490984960
851.4,1449984000,1450106880,1490984960
852.4,1449984000,1450106880,1490984960
853.4,1449984000,1450106880,1490984960
854.4,1449984000,1450106880,1490984960
855.4,1449984000,1450106880,1490984960
856.5,1449984000,1450106880,1490984960
857.5,1449984000,1450106880,1490984960
858.5,1449984000,1450106880,1490984960
859.5,1449984000,1450106880,1490984960
860.5,1449984000,1450106880,1490984960
861.5,1449984000,1450106880,1490984960
862.6,1449984000,1450106880,1490984960
863.6,1449984000,1450106880,1490984960
864.6,1449984000,1450106880,1490984960
865.6,1449984000,1450106880,1490984960
866.6,1449984000,1450106880,1490984960
867.6,1449984000,1450106880,1490984960
868.6,1449984000,1450106880,1490984960
869.7,1449984000,1450106880,1490984960
870.7,1449984000,1450106880,1490984960
871.7,1449984000,1450106880,1490984960
872.7,1449984000,1450106880,1490984960
873.7,1449984000,1450106880,1490984960
874.7,1449984000,1450106880,1490984960
875.7,1449984000,1450106880,1490984960
876.7,1449984000,1450106880,1490984960
877.8,1449984000,1450106880,1490984960
878.8,1449984000,1450106880,1490984960
879.8,1449984000,1450106880,1490984960
880.8,1449984000,1450106880,1490984960
881.8,1449984000,1450106880,1490984960
882.8,1449984000,1450106880,1490984960
883.8,1449984000,1450106880,1490984960
884.9,1449984000,1450106880,1490984960
885.9,1449984000,1450106880,1490984960
886.9,1449984000,1450106880,1490984960
887.9,1449984000,1450106880,1490984960
888.9,1449984000,1450106880,1490984960
890.0,1449984000,1450106880,1490984960
891.0,1449984000,1450106880,1490984960
892.0,1449984000,1450106880,1490984960
893.0,1449984000,1450106880,1490984960
894.0,1449984000,1450106880,1490984960
895.0,1449984000,1450106880,1490984960
896.1,1449984000,1450106880,1490984960
897.1,1449984000,1450106880,1490984960
898.1,1449984000,1450106880,1490984960
899.1,1449984000,1450106880,1490984960
900.1,1449984000,1450106880,1490984960
901.1,1449984000,1450106880,1490984960
902.2,1449984000,1450106880,1490984960
903.2,1449984000,1450106880,1490984960
904.2,1449984000,1450106880,1490984960
905.2,1449984000,1450106880,1490984960
906.2,1449984000,1450106880,1490984960
907.2,1449984000,1450106880,1490984960
908.3,1449984000,1450106880,1490984960
909.3,1449984000,1450106880,1490984960
910.3,1449984000,1450106880,1490984960
911.3,1449984000,1450106880,1490984960
912.3,1449984000,1450106880,1490984960
913.3,1449984000,1450106880,1490984960
914.3,1449984000,1450106880,1490984960
915.4,1449984000,1450106880,1490984960
916.4,1449984000,1450106880,1490984960
917.4,1449984000,1450106880,1490984960
918.4,1449984000,1450106880,1490984960
919.4,1449984000,1450106880,1490984960
920.4,1449984000,1450106880,1490984960
921.4,1449984000,1450106880,1490984960
922.5,1449984000,1450106880,1490984960
923.5,1449984000,1450106880,1490984960
924.5,1449984000,1450106880,1490984960
925.5,1449984000,1450106880,1490984960
926.5,1449984000,1450106880,1490984960
927.5,1449984000,1450106880,1490984960
928.5,1449984000,1450106880,1490984960
929.5,1449984000,1450106880,1490984960
930.6,1449984000,1450106880,1490984960
931.6,1449984000,1450106880,1490984960
932.6,1449984000,1450106880,1490984960
933.6,1449984000,1450106880,1490984960
934.6,1449984000,1450106880,1490984960
935.6,1449984000,1450106880,1490984960
936.6,1449984000,1450106880,1490984960
937.7,1449984000,1450106880,1490984960
938.7,1449984000,1450106880,1490984960
939.7,1449984000,1450106880,1490984960
940.7,1449984000,1450106880,1490984960
941.7,1449984000,1450106880,1490984960
942.7,1449984000,1450106880,1490984960
943.7,1449984000,1450106880,1490984960
944.8,1449984000,1450106880,1490984960
945.8,1449984000,1450106880,1490984960
946.8,1449984000,1450106880,1490984960
947.8,1449984000,1450106880,1490984960
948.8,1449984000,1450106880,1490984960
949.8,1449984000,1450106880,1490984960
950.8,1449984000,1450106880,1490984960
951.9,1449984000,1450106880,1490984960
952.9,1449984000,1450106880,1490984960
953.9,1449984000,1450106880,1490984960
954.9,1449984000,1450106880,1490984960
955.9,1449984000,1450106880,1490984960
956.9,1449984000,1450106880,1490984960
957.9,1449984000,1450106880,1490984960
959.0,1449984000,1450106880,1490984960
960.0,1449984000,1450106880,1490984960
961.0,1449984000,1450106880,1490984960
962.0,1449984000,1450106880,1490984960
963.0,1449984000,1450106880,1490984960
964.0,1449984000,1450106880,1490984960
965.0,1449984000,1450106880,1490984960
966.0,1449984000,1450106880,1490984960
967.1,1449984000,1450106880,1490984960
968.1,1449984000,1450106880,1490984960
969.1,1449984000,1450106880,1490984960
970.1,1449984000,1450106880,1490984960
971.1,1449984000,1450106880,1490984960
972.1,1449984000,1450106880,1490984960
973.1,1449984000,1450106880,1490984960
974.1,1449984000,1450106880,1490984960
975.2,1449984000,1450106880,1490984960
976.2,1449984000,1450106880,1490984960
977.2,1449984000,1450106880,1490984960
978.2,1449984000,1450106880,1490984960
979.2,1449984000,1450106880,1490984960
980.2,1449984000,1450106880,1490984960
981.2,1449984000,1450106880,1490984960
982.3,1449984000,1450106880,1490984960
983.3,1449984000,1450106880,1490984960
984.3,1449984000,1450106880,1490984960
985.3,1449984000,1450106880,1490984960
986.3,1449984000,1450106880,1490984960
987.3,1449984000,1450106880,1490984960
988.3,1449984000,1450106880,1490984960
989.4,1449984000,1450106880,1490984960
990.4,1449984000,1450106880,1490984960
991.4,1449984000,1450106880,1490984960
992.4,1449984000,1450106880,1490984960
993.4,1449984000,1450106880,1490984960
994.4,1449984000,1450106880,1490984960
995.5,1449984000,1450106880,1490984960
996.5,1449984000,1450106880,1490984960
997.5,1449984000,1450106880,1490984960
998.5,1449984000,1450106880,1490984960
999.5,1449984000,1450106880,1490984960
1000.5,1449984000,1450106880,1490984960
1001.6,1449984000,1450106880,1490984960
1002.6,1449984000,1450106880,1490984960
1003.6,1449984000,1450106880,1490984960
1004.6,1449984000,1450106880,1490984960
1005.6,1449984000,1450106880,1490984960
1006.6,1449984000,1450106880,1490984960
1007.6,1449984000,1450106880,1490984960
1008.6,1449984000,1450106880,1490984960
1009.7,1449984000,1450106880,1490984960
1010.7,1449984000,1450106880,1490984960
1011.7,1449984000,1450106880,1490984960
1012.7,1449984000,1450106880,1490984960
1013.7,1449984000,1450106880,1490984960
1014.7,1449984000,1450106880,1490984960
1015.8,1449984000,1450106880,1490984960
1016.8,1449984000,1450106880,1490984960
1017.8,1449984000,1450106880,1490984960
1018.8,1449984000,1450106880,1490984960
1019.8,1449984000,1450106880,1490984960
1020.8,1449984000,1450106880,1490984960
1021.8,1449984000,1450106880,1490984960
1022.9,1449984000,1450106880,1490984960
1023.9,1449984000,1450106880,1490984960
1024.9,1449984000,1450106880,1490984960
1025.9,1449984000,1450106880,1490984960
1027.0,1449984000,1450106880,1490984960
1028.0,1449984000,1450106880,1490984960
1029.0,1449984000,1450106880,1490984960
1030.1,1449984000,1450106880,1490984960
1031.1,1449984000,1450106880,1490984960
1032.1,1449984000,1450106880,1490984960
1033.1,1449984000,1450106880,1490984960
1034.2,1449984000,1450106880,1490984960
1035.2,1449984000,1450106880,1490984960
1036.2,1449984000,1450106880,1490984960
1037.3,1449984000,1450106880,1490984960
1038.3,1449984000,1450106880,1490984960
1039.3,1449984000,1450106880,1490984960
1040.3,1449984000,1450106880,1490984960
1041.3,1449984000,1450106880,1490984960
1042.4,1449984000,1450106880,1490984960
1043.4,1449984000,1450106880,1490984960
1044.4,1449984000,1450106880,1490984960
1045.4,1449984000,1450106880,1490984960
1046.4,1449984000,1450106880,1490984960
1047.4,1449984000,1450106880,1490984960
1048.4,1449984000,1450106880,1490984960
1049.5,1449984000,1450106880,1490984960
1050.5,1449984000,1450106880,1490984960
1051.5,1449984000,1450106880,1490984960
1052.5,1449984000,1450106880,1490984960
1053.5,1449984000,1450106880,1490984960
1054.5,1449984000,1450106880,1490984960
1055.5,1449984000,1450106880,1490984960
1056.6,1449984000,1450106880,1490984960
1057.6,1449984000,1450106880,1490984960
1058.6,1449984000,1450106880,1490984960
1059.6,1449984000,1450106880,1490984960
1060.6,1449984000,1450106880,1490984960
1061.6,1449984000,1450106880,1490984960
1062.7,1449984000,1450106880,1490984960
1063.7,1449984000,1450106880,1490984960
1064.7,1449984000,1450106880,1490984960
1065.7,1449984000,1450106880,1490984960
1066.7,1449984000,1450106880,1490984960
1067.7,1449984000,1450106880,1490984960
1068.7,1449984000,1450106880,1490984960
1069.8,1449984000,1450106880,1490984960
1070.8,1449984000,1450106880,1490984960
1071.8,1449984000,1450106880,1490984960
1072.8,1449984000,1450106880,1490984960
1073.8,1449984000,1450106880,1490984960
1074.8,1449984000,1450106880,1490984960
1075.9,1449984000,1450106880,1490984960
1076.9,1449984000,1450106880,1490984960
1077.9,1449984000,1450106880,1490984960
1078.9,1449984000,1450106880,1490984960
1079.9,1449984000,1450106880,1490984960
1080.9,1449984000,1450106880,1490984960
1081.9,1449984000,1450106880,1490984960
1083.0,1449984000,1450106880,1490984960
1084.0,1449984000,1450106880,1490984960
1085.0,1449984000,1450106880,1490984960
1086.0,1449984000,1450106880,1490984960
1087.0,1449984000,1450106880,1490984960
1088.0,1449984000,1450106880,1490984960
1089.0,1449984000,1450106880,1490984960
1090.1,1449984000,1450106880,1490984960
1091.1,1449984000,1450106880,1490984960
1092.1,1449984000,1450106880,1490984960
1093.1,1449984000,1450106880,1490984960
1094.1,1449984000,1450106880,1490984960
1095.1,1449984000,1450106880,1490984960
1096.1,1449984000,1450106880,1490984960
1097.1,1449984000,1450106880,1490984960
1098.2,1449984000,1450106880,1490984960
1099.2,1449984000,1450106880,1490984960
1100.2,1449984000,1450106880,1490984960
1101.2,1449984000,1450106880,1490984960
1102.2,1449984000,1450106880,1490984960
1103.2,1449984000,1450106880,1490984960
1104.2,1449984000,1450106880,1490984960
1105.3,1449984000,1450106880,1490984960
1106.3,1449984000,1450106880,1490984960
1107.3,1449984000,1450106880,1490984960
1108.3,1449984000,1450106880,1490984960
1109.3,1449984000,1450106880,1490984960
1110.3,1449984000,1450106880,1490984960
1111.3,1449984000,1450106880,1490984960
1112.3,1449984000,1450106880,1490984960
1113.3,1449984000,1450106880,1490984960
1114.4,1449984000,1450106880,1490984960
1115.4,1449984000,1450106880,1490984960
1116.4,1449984000,1450106880,1490984960
1117.4,1449984000,1450106880,1490984960
1118.4,1449984000,1450106880,1490984960
1119.4,1449984000,1450106880,1490984960
1120.4,1449984000,1450106880,1490984960
1121.4,1449984000,1450106880,1490984960
1122.5,1449984000,1450106880,1490984960
1123.5,1449984000,1450106880,1490984960
1124.5,1449984000,1450106880,1490984960
1125.5,1449984000,1450106880,1490984960
1126.5,1449984000,1450106880,1490984960
1127.5,1449984000,1450106880,1490984960
1128.5,1449984000,1450106880,1490984960
1129.5,1449984000,1450106880,1490984960
1130.6,1449984000,1450106880,1490984960
1131.6,1449984000,1450106880,1490984960
1132.6,1449984000,1450106880,1490984960
1133.6,1449984000,1450106880,1490984960
1134.6,1449984000,1450106880,1490984960
1135.6,1449984000,1450106880,1490984960
1136.6,1449984000,1450106880,1490984960
1137.7,1449984000,1450106880,1490984960
1138.7,1449984000,1450106880,1490984960
1139.7,1449984000,1450106880,1490984960
1140.7,1449984000,1450106880,1490984960
1141.7,1449984000,1450106880,1490984960
1142.7,1449984000,1450106880,1490984960
1143.7,1449984000,1450106880,1490984960
1144.8,1449984000,1450106880,1490984960
1145.8,1449984000,1450106880,1490984960
1146.8,1449984000,1450106880,1490984960
1147.8,1449984000,1450106880,1490984960
1148.8,1449984000,1450106880,1490984960
1149.8,1449984000,1450106880,1490984960
1150.8,1449984000,1450106880,1490984960
1151.8,1449984000,1450106880,1490984960
1152.9,1449984000,1450106880,1490984960
1153.9,1449984000,1450106880,1490984960
1154.9,1449984000,1450106880,1490984960
1155.9,1449984000,1450106880,1490984960
1156.9,1449984000,1450106880,1490984960
1157.9,1449984000,1450106880,1490984960
1158.9,1449984000,1450106880,1490984960
1160.0,1449984000,1450106880,1490984960
1161.0,1449984000,1450106880,1490984960
1162.0,1449984000,1450106880,1490984960
1163.0,1449984000,1450106880,1490984960
1164.0,1449984000,1450106880,1490984960
1165.0,1449984000,1450106880,1490984960
1166.0,1449984000,1450106880,1490984960
1167.0,1449984000,1450106880,1490984960
1168.1,1449984000,1450106880,1490984960
1169.1,1449984000,1450106880,1490984960
1170.1,1449984000,1450106880,1490984960
1171.1,1449984000,1450106880,1490984960
