src,proc,rep,iret,cycles,exectime_ms,peak_ws_bytes,peak_private_bytes
fill_sw_64.s,RV32_ISS,1,49156,49156,22,23252992,6488064
fill_sw_64.s,RV32_ISS,2,49156,49156,26,27521024,11497472
fill_sw_64.s,RV32_ISS,3,49156,49156,33,25927680,9228288
fill_sw_1024.s,RV32_ISS,1,786436,786436,722,106119168,109346816
fill_sw_1024.s,RV32_ISS,2,786436,786436,767,106168320,109449216
fill_sw_1024.s,RV32_ISS,3,786436,786436,776,106487808,109379584
fill_sw_2048.s,RV32_ISS,1,1572868,1572868,2086,190001152,213499904
fill_sw_2048.s,RV32_ISS,2,1572868,1572868,1768,190140416,213704704
fill_sw_2048.s,RV32_ISS,3,1572868,1572868,2235,190676992,213667840
fill_sw_4096.s,RV32_ISS,1,3145732,3145732,3261,358424576,422158336
fill_sw_4096.s,RV32_ISS,2,3145732,3145732,3892,358547456,422178816
fill_sw_4096.s,RV32_ISS,3,3145732,3145732,3124,358752256,422191104
fill_sw_8192.s,RV32_ISS,1,6291460,6291460,5455,695099392,839319552
fill_sw_8192.s,RV32_ISS,2,6291460,6291460,5841,695185408,839262208
fill_sw_8192.s,RV32_ISS,3,6291460,6291460,5709,695398400,839364608
fill_sw_16384.s,RV32_ISS,1,12582916,12582916,14279,1369178112,1673678848
fill_sw_16384.s,RV32_ISS,2,12582916,12582916,11055,1369092096,1673551872
fill_sw_16384.s,RV32_ISS,3,12582916,12582916,10858,1368915968,1673625600
fill_sb_64.s,RV32_ISS,1,196612,196612,55,27291648,11386880
fill_sb_64.s,RV32_ISS,2,196612,196612,75,27017216,11399168
fill_sb_64.s,RV32_ISS,3,196612,196612,71,25214976,8503296
fill_sb_1024.s,RV32_ISS,1,3145732,3145732,1328,106106880,109277184
fill_sb_1024.s,RV32_ISS,2,3145732,3145732,1109,105971712,109416448
fill_sb_1024.s,RV32_ISS,3,3145732,3145732,1064,106106880,109379584
fill_sb_2048.s,RV32_ISS,1,6291460,6291460,1977,190074880,213626880
fill_sb_2048.s,RV32_ISS,2,6291460,6291460,1941,190513152,213463040
fill_sb_2048.s,RV32_ISS,3,6291460,6291460,1937,190062592,213581824
alu_2000000.s,RV32_ISS,1,4000005,4000005,264,0,0
alu_2000000.s,RV32_ISS,2,4000005,4000005,265,0,0
alu_2000000.s,RV32_ISS,3,4000005,4000005,255,0,0
alu_2000000.s,RV32_ISS,4,4000005,4000005,287,0,0
alu_2000000.s,RV32_ISS,5,4000005,4000005,396,0,0
alu_4000000.s,RV32_ISS,1,8000005,8000005,1079,0,0
alu_4000000.s,RV32_ISS,2,8000005,8000005,1514,0,0
alu_4000000.s,RV32_ISS,3,8000005,8000005,1871,0,0
alu_4000000.s,RV32_ISS,4,8000005,8000005,1448,0,0
alu_4000000.s,RV32_ISS,5,8000005,8000005,1518,0,0
fill_sw_4096.s,RV32_ISS,1,3145732,3145732,2483,0,0
fill_sw_4096.s,RV32_ISS,2,3145732,3145732,2499,0,0
fill_sw_4096.s,RV32_ISS,3,3145732,3145732,2462,0,0
fill_sw_4096.s,RV32_ISS,4,3145732,3145732,2451,0,0
fill_sw_4096.s,RV32_ISS,5,3145732,3145732,2665,0,0
fill_sw_8192.s,RV32_ISS,1,6291460,6291460,5243,0,0
fill_sw_8192.s,RV32_ISS,2,6291460,6291460,6269,0,0
fill_sw_8192.s,RV32_ISS,3,6291460,6291460,6676,0,0
fill_sw_8192.s,RV32_ISS,4,6291460,6291460,5573,0,0
fill_sw_8192.s,RV32_ISS,5,6291460,6291460,6920,0,0
rewrite_1000000.s,RV32_ISS,1,5002933,5002933,1469,0,0
rewrite_1000000.s,RV32_ISS,2,5002933,5002933,1103,0,0
rewrite_1000000.s,RV32_ISS,3,5002933,5002933,1289,0,0
rewrite_1000000.s,RV32_ISS,4,5002933,5002933,990,0,0
rewrite_1000000.s,RV32_ISS,5,5002933,5002933,939,0,0
rewrite_2000000.s,RV32_ISS,1,10005864,10005864,2166,0,0
rewrite_2000000.s,RV32_ISS,2,10005864,10005864,1818,0,0
rewrite_2000000.s,RV32_ISS,3,10005864,10005864,1355,0,0
rewrite_2000000.s,RV32_ISS,4,10005864,10005864,1228,0,0
rewrite_2000000.s,RV32_ISS,5,10005864,10005864,1279,0,0
alu_20000.s,RV32_5S,1,40005,80009,279,0,0
alu_20000.s,RV32_5S,2,40005,80009,314,0,0
alu_20000.s,RV32_5S,3,40005,80009,296,0,0
alu_20000.s,RV32_5S,4,40005,80009,434,0,0
alu_20000.s,RV32_5S,5,40005,80009,593,0,0
alu_40000.s,RV32_5S,1,80005,160009,1659,0,0
alu_40000.s,RV32_5S,2,80005,160009,2157,0,0
alu_40000.s,RV32_5S,3,80005,160009,1981,0,0
alu_40000.s,RV32_5S,4,80005,160009,1800,0,0
alu_40000.s,RV32_5S,5,80005,160009,1963,0,0
fill_sw_64.s,RV32_5S,1,49156,81928,926,0,0
fill_sw_64.s,RV32_5S,2,49156,81928,1011,0,0
fill_sw_64.s,RV32_5S,3,49156,81928,958,0,0
fill_sw_64.s,RV32_5S,4,49156,81928,757,0,0
fill_sw_64.s,RV32_5S,5,49156,81928,862,0,0
fill_sw_128.s,RV32_5S,1,98308,163848,1843,0,0
fill_sw_128.s,RV32_5S,2,98308,163848,1946,0,0
fill_sw_128.s,RV32_5S,3,98308,163848,1389,0,0
fill_sw_128.s,RV32_5S,4,98308,163848,1479,0,0
fill_sw_128.s,RV32_5S,5,98308,163848,2118,0,0
rewrite_20000.s,RV32_5S,1,100062,140068,1380,0,0
rewrite_20000.s,RV32_5S,2,100062,140068,1281,0,0
rewrite_20000.s,RV32_5S,3,100062,140068,1343,0,0
rewrite_20000.s,RV32_5S,4,100062,140068,1208,0,0
rewrite_20000.s,RV32_5S,5,100062,140068,1158,0,0
rewrite_40000.s,RV32_5S,1,200122,280128,2464,0,0
rewrite_40000.s,RV32_5S,2,200122,280128,2644,0,0
rewrite_40000.s,RV32_5S,3,200122,280128,3449,0,0
rewrite_40000.s,RV32_5S,4,200122,280128,2327,0,0
rewrite_40000.s,RV32_5S,5,200122,280128,2793,0,0
alu_20000.s,RV32_SS,1,40005,40005,259,0,0
alu_20000.s,RV32_SS,2,40005,40005,289,0,0
alu_20000.s,RV32_SS,3,40005,40005,294,0,0
alu_20000.s,RV32_SS,4,40005,40005,409,0,0
alu_20000.s,RV32_SS,5,40005,40005,267,0,0
alu_40000.s,RV32_SS,1,80005,80005,443,0,0
alu_40000.s,RV32_SS,2,80005,80005,382,0,0
alu_40000.s,RV32_SS,3,80005,80005,311,0,0
alu_40000.s,RV32_SS,4,80005,80005,273,0,0
alu_40000.s,RV32_SS,5,80005,80005,403,0,0
fill_sw_64.s,RV32_SS,1,49156,49156,245,0,0
fill_sw_64.s,RV32_SS,2,49156,49156,275,0,0
fill_sw_64.s,RV32_SS,3,49156,49156,252,0,0
fill_sw_64.s,RV32_SS,4,49156,49156,222,0,0
fill_sw_64.s,RV32_SS,5,49156,49156,190,0,0
fill_sw_128.s,RV32_SS,1,98308,98308,420,0,0
fill_sw_128.s,RV32_SS,2,98308,98308,361,0,0
fill_sw_128.s,RV32_SS,3,98308,98308,331,0,0
fill_sw_128.s,RV32_SS,4,98308,98308,323,0,0
fill_sw_128.s,RV32_SS,5,98308,98308,329,0,0
rewrite_20000.s,RV32_SS,1,100062,100062,402,0,0
rewrite_20000.s,RV32_SS,2,100062,100062,335,0,0
rewrite_20000.s,RV32_SS,3,100062,100062,404,0,0
rewrite_20000.s,RV32_SS,4,100062,100062,338,0,0
rewrite_20000.s,RV32_SS,5,100062,100062,414,0,0
rewrite_40000.s,RV32_SS,1,200122,200122,644,0,0
rewrite_40000.s,RV32_SS,2,200122,200122,601,0,0
rewrite_40000.s,RV32_SS,3,200122,200122,574,0,0
rewrite_40000.s,RV32_SS,4,200122,200122,576,0,0
rewrite_40000.s,RV32_SS,5,200122,200122,567,0,0
fill_sw_1024.s,RV32_5S,1,786436,1310728,13755,106680320,109731840
fill_sw_2048.s,RV32_5S,1,1572868,2621448,24151,191078400,213975040
readfresh_1024.s,RV32_ISS,1,786436,786436,330,106291200,109514752
readfresh_1024.s,RV32_ISS,2,786436,786436,309,105857024,109252608
readfresh_4096.s,RV32_ISS,1,3145732,3145732,1528,358543360,422150144
readfresh_4096.s,RV32_ISS,2,3145732,3145732,3990,358686720,422227968
reread_1000000.s,RV32_ISS,1,5005030,5005030,1778,0,0
reread_1000000.s,RV32_ISS,2,5005030,5005030,1192,0,0
reread_1000000.s,RV32_ISS,3,5005030,5005030,950,0,0
reread_1000000.s,RV32_ISS,4,5005030,5005030,919,0,0
reread_1000000.s,RV32_ISS,5,5005030,5005030,939,0,0
reread_2000000.s,RV32_ISS,1,10006984,10006984,1693,0,0
reread_2000000.s,RV32_ISS,2,10006984,10006984,1426,0,0
reread_2000000.s,RV32_ISS,3,10006984,10006984,1378,0,0
reread_2000000.s,RV32_ISS,4,10006984,10006984,1297,0,0
reread_2000000.s,RV32_ISS,5,10006984,10006984,1301,0,0
fill_sw_1536.s,RV32_ISS,1,1179652,1179652,481,131121152,119226368
fill_sw_1536.s,RV32_ISS,2,1179652,1179652,435,125648896,113422336
fill_sw_1536.s,RV32_ISS,3,1179652,1179652,443,131440640,119390208
fill_sw_3072.s,RV32_ISS,1,2359300,2359300,1000,237445120,230363136
fill_sw_3072.s,RV32_ISS,2,2359300,2359300,929,241008640,233865216
fill_sw_3072.s,RV32_ISS,3,2359300,2359300,1017,240902144,233836544
fill_sw_6144.s,RV32_ISS,1,4718596,4718596,2277,457568256,460414976
fill_sw_6144.s,RV32_ISS,2,4718596,4718596,5984,458342400,461144064
fill_sw_6144.s,RV32_ISS,3,4718596,4718596,4113,460238848,462667776
fill_sw_12288.s,RV32_ISS,1,9437188,9437188,7831,898031616,920162304
fill_sw_12288.s,RV32_ISS,2,9437188,9437188,7981,897548288,920047616
fill_sw_12288.s,RV32_ISS,3,9437188,9437188,7917,898158592,920272896
unroll_10000.s,RV32_5S,1,50005,70009,277,0,0
nottaken_10000.s,RV32_5S,1,30005,50009,197,0,0
alu_20000.s,RV32_5S,1,40005,80009,314,0,0
fill_sw_64.s,RV32_5S,1,49156,81928,337,0,0
unroll_10000.s,RV32_SS,1,50005,50005,51,0,0
nottaken_10000.s,RV32_SS,1,30005,30005,43,0,0
alu_20000.s,RV32_SS,1,40005,40005,47,0,0
fill_sw_64.s,RV32_SS,1,49156,49156,64,0,0
unroll_10000.s,RV32_ISS,1,50005,50005,4,0,0
nottaken_10000.s,RV32_ISS,1,30005,30005,4,0,0
alu_20000.s,RV32_ISS,1,40005,40005,5,0,0
fill_sw_64.s,RV32_ISS,1,49156,49156,14,0,0
empty.s,RV32_ISS,1,2,2,1,0,0
empty.s,RV32_ISS,2,2,2,2,0,0
empty.s,RV32_ISS,3,2,2,1,0,0
empty.s,RV32_ISS,4,2,2,2,0,0
empty.s,RV32_ISS,5,2,2,4,0,0
empty.s,RV32_SS,1,2,2,5,0,0
empty.s,RV32_SS,2,2,2,4,0,0
empty.s,RV32_SS,3,2,2,8,0,0
empty.s,RV32_SS,4,2,2,6,0,0
empty.s,RV32_SS,5,2,2,8,0,0
empty.s,RV32_5S,1,2,8,10,0,0
empty.s,RV32_5S,2,2,8,10,0,0
empty.s,RV32_5S,3,2,8,14,0,0
empty.s,RV32_5S,4,2,8,16,0,0
empty.s,RV32_5S,5,2,8,12,0,0
bigmap_readbig.s,RV32_ISS,1,62914578,62914578,48491,0,0
bigmap_readsmall.s,RV32_ISS,1,62963718,62963718,36039,0,0
bigmap_readbig.s,RV32_ISS,1,62914578,62914578,54151,0,0
bigmap_readsmall.s,RV32_ISS,1,62963718,62963718,55681,0,0
bigmap_readbig.s,RV32_ISS,1,62914578,62914578,41055,0,0
bigmap_readsmall.s,RV32_ISS,1,62963718,62963718,35530,0,0
